{"stats":{"minecraft:picked_up":{"minecraft:wheat_seeds":1},"minecraft:mined":{"regions_unexplored:medium_grass":2},"minecraft:dropped":{"minecraft:wheat_seeds":1},"minecraft:custom":{"minecraft:jump":125,"minecraft:time_since_rest":4245,"minecraft:crouch_one_cm":3,"minecraft:leave_game":1,"minecraft:sprint_one_cm":20554,"minecraft:play_time":4245,"minecraft:damage_taken":20,"minecraft:time_since_death":4245,"minecraft:walk_one_cm":5402,"minecraft:sneak_time":18,"minecraft:total_world_time":4245,"minecraft:drop":1,"minecraft:fall_one_cm":3315,"minecraft:fly_one_cm":61782}},"DataVersion":3465}