{"stats":{"minecraft:killed_by":{"minecraft:creeper":1,"minecraft:spider":1,"minecraft:vindicator":4,"minecraft:skeleton":2,"minecraft:witch":1,"minecraft:illusioner":2},"minecraft:dropped":{"minecraft:mossy_cobblestone":1,"minecraft:crafting_table":1,"minecraft:stick":2,"minecraft:snowball":162,"gravestone:obituary":3,"minecraft:pumpkin_pie":4,"minecraft:white_wool":1,"minecraft:spruce_sapling":2,"minecraft:poppy":1},"minecraft:killed":{"minecraft:witch":1,"minecraft:spider":4,"minecraft:skeleton":21,"minecraft:illusioner":3,"minecraft:husk":1,"minecraft:pig":5,"minecraft:zombie_villager":2,"minecraft:creeper":3,"minecraft:sheep":10,"minecraft:goat":1,"minecraft:zombie":8,"minecraft:cow":12},"minecraft:used":{"minecraft:stone_sword":53,"minecraft:stone_shovel":67,"minecraft:spruce_slab":1,"minecraft:chest":5,"minecraft:spruce_planks":19,"minecraft:shield":125,"minecraft:iron_sword":63,"minecraft:wooden_shovel":1,"minecraft:player_head":1,"minecraft:torch":38,"minecraft:dirt":2,"minecraft:anvil":1,"regions_unexplored:prismarite_cluster":3,"minecraft:golden_shovel":32,"minecraft:granite":1,"minecraft:snowball":3,"minecraft:dark_oak_planks":1,"minecraft:wooden_axe":48,"minecraft:iron_axe":20,"minecraft:polished_deepslate_wall":1,"minecraft:bow":14,"minecraft:dark_oak_boat":8,"minecraft:furnace":5,"minecraft:potato":2,"minecraft:wheat_seeds":111,"minecraft:cooked_mutton":13,"minecraft:spruce_door":2,"regions_unexplored:peat_dirt":18,"minecraft:stone_pickaxe":128,"minecraft:cyan_candle":3,"minecraft:crafting_table":8,"minecraft:blast_furnace":3,"minecraft:white_bed":3,"minecraft:cake":4,"minecraft:smoker":3,"minecraft:creeper_spawn_egg":1,"minecraft:oak_log":1,"minecraft:flower_pot":1,"minecraft:bread":23,"minecraft:iron_pickaxe":392,"minecraft:stone_axe":74,"minecraft:diamond_sword":104,"minecraft:cobblestone":97,"minecraft:potion":1,"travelersbackpack:standard":4,"minecraft:cooked_porkchop":5,"minecraft:smithing_table":1,"regions_unexplored:larch_sapling":1},"minecraft:broken":{"minecraft:golden_shovel":1,"minecraft:shield":1,"minecraft:iron_pickaxe":1,"minecraft:wooden_axe":1},"minecraft:crafted":{"minecraft:wooden_sword":1,"minecraft:oak_planks":48,"minecraft:stone_shovel":1,"minecraft:coal":18,"minecraft:dark_oak_boat":1,"minecraft:furnace":4,"travelersbackpack:gold_tier_upgrade":1,"travelersbackpack:blank_upgrade":4,"minecraft:cooked_mutton":13,"minecraft:glass":25,"travelersbackpack:white_sleeping_bag":1,"minecraft:bow":1,"minecraft:iron_boots":1,"minecraft:iron_axe":1,"minecraft:stone_pickaxe":1,"minecraft:chest":7,"minecraft:dark_oak_planks":12,"minecraft:smoker":2,"minecraft:cooked_beef":20,"travelersbackpack:iron_tier_upgrade":1,"minecraft:wooden_shovel":1,"minecraft:diamond_sword":1,"minecraft:cooked_porkchop":9,"minecraft:crafting_table":3,"minecraft:spruce_planks":80,"travelersbackpack:standard":3,"travelersbackpack:backpack_tank":4,"minecraft:iron_helmet":1,"minecraft:baked_potato":5,"minecraft:iron_sword":1,"minecraft:spruce_door":3,"minecraft:smithing_table":1,"minecraft:birch_planks":20,"minecraft:stone_axe":1,"minecraft:bread":36,"minecraft:air":0,"minecraft:iron_chestplate":1,"minecraft:shield":2,"minecraft:stick":32,"minecraft:iron_ingot":63,"minecraft:iron_pickaxe":2,"minecraft:wooden_axe":2,"minecraft:iron_block":3,"minecraft:stone_sword":1,"minecraft:iron_leggings":1,"minecraft:gold_ingot":15,"minecraft:anvil":1,"minecraft:white_bed":2,"minecraft:torch":68},"minecraft:picked_up":{"minecraft:crafting_table":12,"minecraft:wheat":110,"minecraft:anvil":1,"minecraft:flower_pot":1,"minecraft:smithing_table":1,"minecraft:brown_mushroom":4,"minecraft:potion":1,"gravestone:obituary":1,"minecraft:polished_deepslate_wall":1,"minecraft:string":6,"regions_unexplored:prismarite_cluster":3,"minecraft:cobbled_deepslate":12,"minecraft:beef":28,"justenoughdrugz:weed_seed":3,"minecraft:player_head":1,"minecraft:poppy":2,"minecraft:light_gray_wool":1,"minecraft:spruce_slab":1,"minecraft:coal_block":7,"minecraft:sugar_cane":5,"minecraft:spruce_trapdoor":1,"minecraft:furnace":5,"minecraft:stick":12,"minecraft:raw_iron":63,"minecraft:stone":1,"minecraft:torch":3,"minecraft:porkchop":9,"minecraft:redstone":1,"minecraft:dark_oak_planks":3,"minecraft:arrow":22,"minecraft:rotten_flesh":9,"minecraft:mutton":18,"minecraft:iron_bars":2,"minecraft:cobblestone":220,"minecraft:snowball":237,"minecraft:white_wool":10,"minecraft:birch_log":6,"regions_unexplored:peat_dirt":20,"regions_unexplored:hanging_prismarite":14,"minecraft:andesite":14,"minecraft:leather":15,"minecraft:dark_oak_boat":7,"minecraft:smoker":2,"minecraft:potato":1,"minecraft:oak_log":13,"minecraft:stripped_spruce_wood":4,"minecraft:tuff":1,"minecraft:cobbled_deepslate_stairs":1,"minecraft:gunpowder":2,"minecraft:lapis_lazuli":31,"minecraft:dirt":6,"minecraft:cooked_mutton":1,"minecraft:bone":15,"regions_unexplored:large_prismarite_cluster":2,"minecraft:wheat_seeds":298,"minecraft:raw_gold":15,"minecraft:rabbit_hide":1,"regions_unexplored:larch_sapling":1,"minecraft:rabbit":2,"minecraft:cyan_candle":3,"minecraft:book":27,"minecraft:polished_andesite_stairs":1,"minecraft:oak_slab":3,"minecraft:dark_oak_slab":1,"minecraft:gravel":1,"minecraft:sand":35,"minecraft:spruce_sapling":4,"minecraft:blast_furnace":4,"minecraft:white_bed":2,"minecraft:spruce_log":26,"minecraft:mossy_stone_brick_slab":1,"minecraft:spider_eye":3,"minecraft:mossy_cobblestone":1,"minecraft:spruce_fence_gate":1,"minecraft:diamond":3,"minecraft:black_concrete":1,"minecraft:granite":1,"minecraft:golden_apple":1,"minecraft:emerald":1,"minecraft:stripped_dark_oak_log":3,"minecraft:coal":62},"minecraft:custom":{"minecraft:interact_with_smithing_table":2,"lootr:looted_stat":32,"minecraft:interact_with_anvil":1,"minecraft:mob_kills":73,"minecraft:interact_with_crafting_table":62,"minecraft:eat_cake_slice":2,"minecraft:leave_game":6,"minecraft:time_since_death":37,"minecraft:climb_one_cm":1568,"minecraft:sprint_one_cm":442355,"minecraft:walk_one_cm":676985,"minecraft:damage_blocked_by_shield":3775,"minecraft:drop":22,"minecraft:talked_to_villager":1,"minecraft:play_time":381175,"minecraft:deaths":12,"minecraft:sneak_time":3857,"minecraft:walk_under_water_one_cm":23743,"minecraft:boat_one_cm":65610,"minecraft:jump":2820,"minecraft:interact_with_blast_furnace":34,"minecraft:walk_on_water_one_cm":29269,"minecraft:total_world_time":381175,"minecraft:interact_with_furnace":11,"minecraft:tune_noteblock":2,"minecraft:pot_flower":1,"minecraft:interact_with_grindstone":1,"minecraft:interact_with_stonecutter":1,"minecraft:sleep_in_bed":7,"minecraft:time_since_rest":63,"minecraft:damage_taken":5431,"minecraft:damage_dealt":12507,"minecraft:swim_one_cm":2466,"minecraft:fly_one_cm":649778,"minecraft:open_chest":89,"minecraft:crouch_one_cm":9419,"minecraft:interact_with_smoker":25,"minecraft:fall_one_cm":76467},"minecraft:mined":{"minecraft:dark_oak_planks":3,"minecraft:tuff":1,"minecraft:white_bed":2,"minecraft:mossy_cobblestone":1,"minecraft:deepslate_diamond_ore":3,"minecraft:mossy_stone_brick_slab":1,"minecraft:cobbled_deepslate_stairs":1,"minecraft:spruce_trapdoor":1,"minecraft:granite":1,"gravestone:gravestone":8,"regions_unexplored:hanging_prismarite":13,"minecraft:grass_block":1,"minecraft:coal_block":7,"minecraft:spruce_leaves":12,"regions_unexplored:large_prismarite_cluster":2,"regions_unexplored:duskmelon":2,"minecraft:spawner":4,"regions_unexplored:stone_bud":2,"minecraft:furnace":4,"minecraft:iron_ore":31,"minecraft:snow":14,"minecraft:andesite":14,"minecraft:black_concrete":1,"minecraft:anvil":1,"minecraft:deepslate_lapis_ore":5,"regions_unexplored:larch_leaves":12,"minecraft:bookshelf":9,"minecraft:deepslate_iron_ore":32,"minecraft:iron_bars":2,"minecraft:packed_ice":64,"regions_unexplored:medium_grass":6,"minecraft:stone":178,"regions_unexplored:prismoss":1,"minecraft:player_head":1,"minecraft:cake":1,"minecraft:spruce_slab":1,"minecraft:smithing_table":1,"minecraft:oak_slab":2,"minecraft:brown_mushroom":3,"minecraft:smoker":2,"minecraft:snow_block":46,"regions_unexplored:corpse_flower":1,"minecraft:stripped_dark_oak_log":3,"minecraft:powder_snow":1,"minecraft:crafting_table":11,"minecraft:emerald_ore":1,"minecraft:blast_furnace":4,"regions_unexplored:peat_grass_block":4,"minecraft:calcite":1,"minecraft:polished_andesite_stairs":1,"minecraft:tall_grass":1,"minecraft:cobblestone":41,"minecraft:deepslate_gold_ore":15,"minecraft:sugar_cane":2,"minecraft:sculk":1,"minecraft:diorite":1,"regions_unexplored:prismarite_cluster":3,"minecraft:wall_torch":3,"minecraft:dark_oak_slab":1,"minecraft:stripped_spruce_wood":4,"minecraft:birch_log":6,"minecraft:wheat":110,"minecraft:spruce_log":23,"minecraft:birch_leaves":2,"minecraft:potted_poppy":1,"regions_unexplored:sandy_grass":5,"minecraft:grass":6,"minecraft:oak_log":13,"minecraft:coal_ore":62,"regions_unexplored:peat_dirt":2,"minecraft:gravel":1,"minecraft:sand":35,"minecraft:dirt":5,"minecraft:spruce_fence_gate":1,"minecraft:cyan_candle":1,"minecraft:polished_deepslate_wall":1,"minecraft:oak_leaves":7,"minecraft:iron_trapdoor":1,"minecraft:deepslate":6}},"DataVersion":3465}