{
  "minecraft:recipes/decorations/crafting_table": {
    "criteria": {
      "unlock_right_away": "2024-05-13 20:00:11 +0000"
    },
    "done": true
  },
  "lootr:root": {
    "criteria": {
      "always_true": "2024-05-13 20:00:11 +0000"
    },
    "done": true
  },
  "regions_unexplored:regions_explored": {
    "criteria": {
      "mauve_hills": "2024-05-13 20:00:43 +0000",
      "barley_fields": "2024-05-13 20:02:03 +0000",
      "grassy_beach": "2024-05-13 20:00:12 +0000",
      "ochard": "2024-05-13 20:02:10 +0000",
      "flower_fields": "2024-05-13 20:02:13 +0000"
    },
    "done": false
  },
  "regions_unexplored:pioneer": {
    "criteria": {
      "mauve_hills": "2024-05-13 20:00:43 +0000",
      "barley_fields": "2024-05-13 20:02:03 +0000",
      "grassy_beach": "2024-05-13 20:00:12 +0000",
      "ochard": "2024-05-13 20:02:10 +0000",
      "flower_fields": "2024-05-13 20:02:13 +0000"
    },
    "done": false
  },
  "minecraft:adventure/adventuring_time": {
    "criteria": {
      "minecraft:river": "2024-05-13 20:03:19 +0000",
      "minecraft:ocean": "2024-05-13 20:03:34 +0000"
    },
    "done": false
  },
  "regions_unexplored:parent": {
    "criteria": {
      "load_in_world": "2024-05-13 20:00:12 +0000"
    },
    "done": true
  },
  "DataVersion": 3465
}